city,city_latitude,city_longitude,county
Erith (UK/England),51.480818,0.174675,London
Barrow-In-Furness (UK/England),54.108967,-3.218894,Cumbria
Derbyshire (UK/England),53.1046782,-1.5623885,Derbyshire
Poole (UK/England),50.71505,-1.987248,Dorset
Scunthorpe (UK/England),53.588646,-0.654413,North Lincolnshire
Stoke-on-Trent (UK/England),53.0033369,-2.1827408,Stoke-on-Trent
Hull (UK/England),53.76762360000001,-0.3274198,[]
Abingdon (UK/England),51.67078,-1.2879529,Oxfordshire
Llandudnol (UK/Wales),53.324061,-3.827609,Conwy Principal Area
Derbyshire (UK/England),53.1046782,-1.5623885,Derbyshire
Hengoed (UK/England),52.8940356,-3.0570471,Shropshire
((Location unspecified)) (UK/England),52.3555177,-1.1743197,Northamptonshire
Raleigh (UK/England),52.3555177,-1.1743197,Northamptonshire
Hereford (UK/England),52.05639799999999,-2.715974,Herefordshire
Chelmsford (UK/England),51.7355868,0.4685497,Essex
Swaffham (UK/England),52.64746599999999,0.687481,Norfolk
Earl Shilton (UK/England),52.5763906,-1.3113676,Leicestershire
"Witney, Oxfordshire (UK/England)",51.7859365,-1.4850544,Oxfordshire
Birmingham (UK/England),52.48624299999999,-1.890401,West Midlands
Cheddar (UK/England),51.28016400000001,-2.7767019,Somerset
Cumbria (UK/England),54.5772323,-2.7974835,Cumbria
Cirencester (UK/England),51.718495,-1.968243,Gloucestershire
Kettering (UK/England),52.396322,-0.7302489999999999,Northamptonshire
Gloucester (UK/England,51.8642449,-2.238156,Gloucestershire
Havant (UK/England),50.8518324,-0.9847131999999998,Hampshire
Knottingley (UK/England),53.707105,-1.2437419,West Yorkshire
Cornwall (UK/England),50.26604709999999,-5.0527125,Cornwall
Harwich (UK/England),51.934731,1.260297,Essex
Cleckheaton (UK/England),53.723048,-1.707525,West Yorkshire
Mablethorpe (UK/England),53.34088200000001,0.261071,Lincolnshire
Edinburgh (UK/Scotland),55.953252,-3.188267,Edinburgh
Halifax (UK/England),53.72702,-1.85754,West Yorkshire
York (UK/England),53.9614205,-1.0739108,York
Leeds (UK/England),53.8007554,-1.5490774,West Yorkshire
Edinburgh (UK/Scotland),55.953252,-3.188267,Edinburgh
Burton-on-Trent (UK/England),52.81402809999999,-1.6371359,Staffordshire
Newark (UK/England),53.0744766,-0.809773,Nottinghamshire
Hartlepool (UK/England),54.691745,-1.212926,Hartlepool
Bristol (UK/England),51.454513,-2.58791,Bristol City
Nottingham (UK/England),52.9540223,-1.1549892,Nottingham
Dover (UK/England),51.1278758,1.3134027,Kent
Bedford (UK/England),52.1386394,-0.4667782,Bedford
Stafford (UK/England),52.806693,-2.12066,Staffordshire
Bristol (UK/England),51.454513,-2.58791,Bristol City
Bromley (UK/England),51.406025,0.013156,London
County Durham (UK/England),54.7294099,-1.8811598,County Durham
York (UK/England),53.9614205,-1.0739108,York
Llanelli (UK/Wales),51.680886,-4.160248,Carmarthenshire
Watton (UK/England),52.570848,0.828023,Norfolk
Birmingham (UK/England),52.48624299999999,-1.890401,West Midlands
Exmouth (UK/England),50.619957,-3.413702,Devon
Wrexham (UK/Wales),53.04304,-2.992494,Wrexham Principal Area
London (UK/England),51.5072178,-0.1275862,London
Doncaster (UK/England),53.52282,-1.128462,South Yorkshire
Doncaster (UK/England),53.52282,-1.128462,South Yorkshire
Kilmartin (UK/Scotland),56.1350941,-5.484349099999999,Argyll and Bute Council
Blackheath (UK/England),51.4658393,0.0090338,London
"Morden, Surrey (UK/England)",51.394943,-0.19446,London
Brighton (UK/England),50.8229402,-0.1362672,Brighton and Hove
Cardiff (UK/Wales),51.483707,-3.1680962,Cardiff
Glenrothes (UK/Scotland),56.20084199999999,-3.15986,[]
Manchester (UK/England),53.4807593,-2.2426305,Manchester
London (UK/England),51.5072178,-0.1275862,London
Derby (UK/England),52.9225301,-1.4746186,Derby
London (UK/England),51.5072178,-0.1275862,London
Stoke-on-Trent (UK/England),53.0033369,-2.1827408,Stoke-on-Trent
Handforth (UK/England),53.350181,-2.215772,Cheshire East
London (UK/England),51.5072178,-0.1275862,London
Blackpool (UK/England),53.81674229999999,-3.0370485,Blackpool
Paisley (UK/Scotland),55.847258,-4.440113999999999,Renfrewshire
Boston (UK/England),52.97893999999999,-0.026577,Lincolnshire
London (UK/England),51.5072178,-0.1275862,London
Renfrew (UK/Scotland),55.875322,-4.391541999999999,Renfrewshire
Conwy (UK/Wales),53.282872,-3.82948,Conwy Principal Area
Thetford (UK/England),52.412856,0.751657,Norfolk
Grangemouth (UK/Scotland),56.0097152,-3.7227698,Falkirk
Glasgow (UK/Scotland),55.86167039999999,-4.2583345,Lanarkshire
Colchester (UK/England),51.895927,0.8918740000000001,Essex
Southend-on-Sea (UK/England),51.5459269,0.7077123,Southend-on-Sea
Yeovil (UK/England),50.942061,-2.633308,Somerset
Stockton on Tees (UK/England),54.5704551,-1.3289821,Stockton-on-Tees
Portsmouth (UK/England),50.8197675,-1.0879769,Portsmouth
Lakenheath (UK/England),52.413917,0.5218539999999999,Suffolk
Market Drayton (UK/England),52.903552,-2.483485,Shropshire
Bath (UK/England),51.3781018,-2.3596827,Bath and North East Somerset
Surrey (UK/England),51.31475930000001,-0.5599501,Surrey
Conisholme (UK/England),53.438116,0.1095062,Lincolnshire
Jersey (UK/England??),52.3555177,-1.1743197,Northamptonshire
Bishop Auckland (UK/England),54.663822,-1.678788,County Durham
London (UK/England),51.5072178,-0.1275862,London
Wolverhampton (UK/England),52.5868159,-2.1256587,West Midlands
Exeter (UK/England),50.72603669999999,-3.5274889,Devon
Rotherham (UK/England),53.4326035,-1.3635009,South Yorkshire
Stevenage (UK/England),51.903761,-0.196612,Hertfordshire
St. Helens (Merseyside)(UK/England),53.456307,-2.737095,Merseyside
Colchester (UK/England),51.895927,0.8918740000000001,Essex
Telford (UK/England),52.6775873,-2.4672611,Telford and Wrekin
"Medlam, Lincolnshire (UK/England)",53.0877981,-0.0389781,Lincolnshire
Shebbear (UK/England),50.8617092,-4.2194821,Devon
Southampton (UK/England),50.9105468,-1.4049018,Southampton
North London (UK/England),51.5072178,-0.1275862,London
London (UK/England),51.5072178,-0.1275862,London
Northampton (UK/England),52.23706499999999,-0.8944420999999999,Northamptonshire
Baildon (UK/England),53.852716,-1.768142,West Yorkshire
Harpenden (UK/England),51.81845999999999,-0.358953,Hertfordshire
Southampton (UK/England),50.9105468,-1.4049018,Southampton
Upper Rissington (UK/England),51.87569209999999,-1.7017511,Gloucestershire
Stoke-on-Trent (UK/England),53.0033369,-2.1827408,Stoke-on-Trent
Great Yarmouth (UK/England),52.598233,1.728047,Norfolk
Southhampton (UK/England),50.9105468,-1.4049018,Southampton
Birmingham (UK/England),52.48624299999999,-1.890401,West Midlands
Haverfordwest (UK/Wales),51.800475,-4.971318999999999,Pembrokeshire
Torfaen (UK/England?),52.3555177,-1.1743197,Northamptonshire
Moffat (UK/Scotland),55.33520799999999,-3.440337,Dumfries and Galloway
Southampton (UK/England),50.9105468,-1.4049018,Southampton
London (UK/England),51.5072178,-0.1275862,London
Burton-In-Kendal (UK/England),54.184523,-2.720037,Cumbria
Middlesbrough (UK/England),54.574227,-1.234956,Middlesbrough
Croydon (UK/England),51.3769529,-0.0956895,London
Marston Moretaine (UK/England),52.0625663,-0.5488514999999999,Central Bedfordshire
Plymouth (UK/England),50.3754565,-4.1426565,[]
N. Yorkshire (UK/England),53.9915028,-1.5412015,North Yorkshire
Basingstoke (UK/England),51.26654,-1.0923964,Hampshire
Reading (UK/England),51.45512009999999,-0.9787475,Berkshire
Oldham (Manchester)(UK/England),53.5409298,-2.1113659,Manchester
Kirkby in Ashfield (UK/England),53.100963,-1.269612,Nottinghamshire
Swindon/Didcott (UK/England),51.5583777,-1.7809759,Swindon
Wymondham (Norfolk)(UK/England),52.569354,1.115305,Norfolk
London (UK/England),51.5072178,-0.1275862,London
Derbyshire (UK/England),53.1046782,-1.5623885,Derbyshire
Tavistock (UK/England),50.5511229,-4.141654,Devon
London (UK/England),51.5072178,-0.1275862,London
Coningsby (UK/England),53.10509099999999,-0.175141,Lincolnshire
Birmingham (UK/England),52.48624299999999,-1.890401,West Midlands
Blackpool (UK/England),53.81674229999999,-3.0370485,Blackpool
Glasgow (UK/Scotland),55.86167039999999,-4.2583345,Lanarkshire
Letchworth (UK/England),51.979074,-0.226624,Hertfordshire
Tunbridge Wells (UK/England),51.132377,0.263695,Kent
Wakefield/Barnsley (UK/England),53.5806003,-1.4826552,South Yorkshire
Abercarn (UK/Wales),51.646985,-3.135657,Caerphilly County Borough
Chiddingfold (UK/England),51.111281,-0.6281829999999999,Surrey
Hereford (UK/England),52.05639799999999,-2.715974,Herefordshire
Portsmouth (UK/England),50.8197675,-1.0879769,Portsmouth
London (UK/England),51.5072178,-0.1275862,London
Leicestershire (UK/England),52.772571,-1.2052126,Leicestershire
Cambridgeshire (UK/England),52.1950788,0.1312729,Cambridgeshire
Rustington (UK/England),50.803,-0.51249,West Sussex
Gravesend (UK/England),51.44188399999999,0.370759,Kent
Tyne & Wear (UK/England),54.9951837,-1.5666991,Tyne and Wear
"Boston, Lincolnshire (UK/England)",52.97893999999999,-0.026577,Lincolnshire
Canterbury (UK/England),51.280233,1.0789089,Kent
Stoke-on-Trent (UK/England),53.0033369,-2.1827408,Stoke-on-Trent
"Walton-on-Thames, Surrey (UK/England)",51.38847,-0.416969,Surrey
"Melksham, Wiltshire (UK/England)",51.370447,-2.137629,Wiltshire
"Boston, Lincolnshire (UK/England)",52.97893999999999,-0.026577,Lincolnshire
Warwickshire (UK/England),52.28231599999999,-1.584927,Warwickshire
Birmingham (UK/England),52.48624299999999,-1.890401,West Midlands
"Handforth, Wilmslow, Cheshire (UK/England)",53.350181,-2.215772,Cheshire East
Rugeley (UK/England),52.761515,-1.935967,Staffordshire
Plymouth (UK/England),50.3754565,-4.1426565,[]
Doncaster (UK/England),53.52282,-1.128462,South Yorkshire
Wadworth (UK/England),53.465429,-1.146069,South Yorkshire
Broadstairs (UK/England,51.360163,1.432038,Kent
Leigh (UK/England),53.496115,-2.518727,Manchester
Coventry Area (UK/England),52.4128163,-1.5089521,West Midlands
Durham (UK/England),54.77525,-1.584852,County Durham
Marlow (UK/England),51.5719443,-0.7769421999999999,Buckinghamshire
Lincoln (UK/England),52.9451889,-0.1601246,Lincolnshire
Henley-in-Arden (UK/England),52.292549,-1.779866,Warwickshire
Manchester (UK/England),53.4807593,-2.2426305,Manchester
Nuneaton (UK/England,52.520489,-1.465382,[]
Poole (UK/England),50.71505,-1.987248,Dorset
Caersws (UK/Wales),52.51638879999999,-3.4287484,Powys
Glastonbury (UK/England),51.147427,-2.718454,Somerset
Birmingham (UK/England),52.48624299999999,-1.890401,West Midlands
Somerset (UK/England),51.105097,-2.9262307,Somerset
Barry (Vale of Glamorgan)(UK/Wales),51.3997529,-3.2825859,Vale of Glamorgan
Stafford (UK/England),52.806693,-2.12066,Staffordshire
Rotherham (UK/England),53.4326035,-1.3635009,South Yorkshire
Reading (UK/England),51.45512009999999,-0.9787475,Berkshire
St. Andrews (UK/Scotland),56.3397753,-2.7967214,Fife
Havant (UK/England),50.8518324,-0.9847131999999998,Hampshire
Birmingham (UK/England),52.48624299999999,-1.890401,West Midlands
Derby (UK/England),52.9225301,-1.4746186,Derby
Aberdeen (UK/Scotland),57.1498891,-2.0937528,Aberdeen City
London East (UK/England),51.55633,0.0655092,London
"Mulbarton, Norwich (UK/England)",52.564165,1.233985,Norfolk
Swanage (UK/England),50.608277,-1.960769,Dorset
Stafford (UK/England),52.806693,-2.12066,Staffordshire
Northhampton (UK/England),52.23706499999999,-0.8944420999999999,Northamptonshire
Pitlochry (UK/Scotland),56.704361,-3.729711,Perth and Kinross
"Brough, East Yorkshire (UK/England)",53.729988,-0.5732149999999999,East Riding of Yorkshire
Hull (UK/England),53.76762360000001,-0.3274198,[]
Ingoldmells (UK/England),53.193572,0.334345,Lincolnshire
Shrewsbury (UK/England),52.70730289999999,-2.7553268,Shropshire
London (UK/England),51.5072178,-0.1275862,London
"Burbage, Leicestershire (UK/England)",52.527666,-1.348303,Leicestershire
Stroud (UK/England),51.745734,-2.217758,Gloucestershire
Walsall (UK/England),52.586214,-1.982919,West Midlands
Stirlingshire (UK/Scotland),56.1165227,-3.9369029,Stirling
Manchester (UK/England),53.4807593,-2.2426305,Manchester
Leicestershire (UK/England),52.772571,-1.2052126,Leicestershire
London (UK/England),51.5072178,-0.1275862,London
Cardiff (UK/Wales),51.483707,-3.1680962,Cardiff
Swindon (UK/England),51.5583777,-1.7809759,Swindon
Birmingham (UK/England),52.48624299999999,-1.890401,West Midlands
Middlesbrough (UK/England),54.574227,-1.234956,Middlesbrough
Featherstone (UK/England),53.674814,-1.356949,West Yorkshire
Wakefield (UK/England),53.683298,-1.505924,West Yorkshire
Troon (UK/Scotland),55.541332,-4.659948,South Ayrshire Council
Newquay (UK/England??),50.41549699999999,-5.073719,Cornwall
Macclesfield (UK/England),53.258663,-2.119287,Cheshire East
Fleetwood (UK/England),53.916661,-3.035673,Lancashire
Bedfordshire (UK/England),52.0627394,-0.5292091,[]
Middlesex (UK/England),52.3555177,-1.1743197,Northamptonshire
Woodbury (UK/England),50.67734,-3.399045,Devon
Bournemouth (UK/England),50.7220101,-1.8667169,Dorset
London (UK/England),51.5072178,-0.1275862,London
Leicester (UK/England),52.6368778,-1.1397592,Leicester
Oxford (UK/England),51.7520209,-1.2577263,Oxfordshire
Clee Hill (UK/England),52.37370199999999,-2.602164,Shropshire
Liverpool (UK/England),53.4083714,-2.9915726,Merseyside
Gwent (UK/Wales),52.1306607,-3.7837117,[]
Barnet (UK/England),51.6569225,-0.1949252,London
Salford (UK/England),53.48752349999999,-2.2901264,Manchester
Salford (UK/England),53.48752349999999,-2.2901264,Manchester
Faibourne (UK/Wales),52.696651,-4.054346,Gwynedd
Skelmersdale (UK/England),53.549284,-2.774735,Lancashire
Derbyshire (UK/England),53.1046782,-1.5623885,Derbyshire
London (UK/England),51.5072178,-0.1275862,London
"Morde, Surrey (UK/England)",51.394943,-0.19446,London
Leeds (UK/England),53.8007554,-1.5490774,West Yorkshire
Peterborough (UK/England),52.57031689999999,-0.2407996999999999,[]
Whitchurch (UK/England),52.968716,-2.682045,Shropshire
Manchester (UK/England),53.4807593,-2.2426305,Manchester
Bristol (UK/England),51.454513,-2.58791,Bristol City
"Llandudno, North Wales (UK/Wales)",53.324061,-3.827609,Conwy Principal Area
"Morden, Surrey (UK/England)",51.394943,-0.19446,London
Cardiff (UK/Wales),51.483707,-3.1680962,Cardiff
Cirencester (UK/England),51.718495,-1.968243,Gloucestershire
Hereford (UK/England),52.05639799999999,-2.715974,Herefordshire
West Midlands (UK/England),52.4750743,-1.829833,West Midlands
Cardiff (UK/Wales),51.483707,-3.1680962,Cardiff
Worcester (UK/England),52.193636,-2.221575,Worcestershire
Norwich (UK/England),52.6292567,1.2978802,Norfolk
Rorherham (UK/England uk),53.4326035,-1.3635009,South Yorkshire
Birmingham (UK/England),52.48624299999999,-1.890401,West Midlands
Arundel (UK/England),50.855171,-0.555119,West Sussex
Stoke-on-Trent (UK/England),53.0033369,-2.1827408,Stoke-on-Trent
Birmingham (UK/England),52.48624299999999,-1.890401,West Midlands
Thornton-Cleveleys (UK/England),53.873712,-3.0213709,Lancashire
Greenock (UK/Scotland),55.95647599999999,-4.771983,Inverclyde
Crudwell (UK/England),51.6321707,-2.0704716,Wiltshire
Ayrshire (UK/Scotland),55.3649698,-4.6679959,South Ayrshire Council
Timperley (UK/England),53.39672700000001,-2.31927,Manchester
Blackburn (UK/England),53.748575,-2.487529,Blackburn with Darwen
Dundee (UK/Scotland),56.462018,-2.970721,Dundee City Council
Bedford (UK/England),52.1386394,-0.4667782,Bedford
Oldham (UK/England),53.5409298,-2.1113659,Manchester
Heswall (UK/England),53.3284285,-3.0987304,Merseyside
Glasgow (UK/Scotland),55.86167039999999,-4.2583345,Lanarkshire
Swansea (UK/England),51.62144,-3.943645999999999,Swansea
"Tan Hill, Whiltshire (UK/England)",54.8225229,-1.5982294,County Durham
Wells Hunstanton (UK/England),52.9389139,0.491032,Norfolk
Bridgend (UK/England),54.5219146,-2.9295334,Cumbria
Birmingham (UK/England),52.48624299999999,-1.890401,West Midlands
Warrington (UK/England),53.3900441,-2.5969501,Warrington
Malvern (UK/England),52.1116462,-2.32607,Worcestershire
Oldham (UK/England),53.5409298,-2.1113659,Manchester
Hereford (UK/England),52.05639799999999,-2.715974,Herefordshire
Upminster (UK/England),51.55591399999999,0.248894,London
Birmingham (UK/England),52.48624299999999,-1.890401,West Midlands
Rotherham (UK/England),53.4326035,-1.3635009,South Yorkshire
London (UK/England),51.5072178,-0.1275862,London
York (UK/England),53.9614205,-1.0739108,York
Morton (Lincolnshire)(UK/England),52.803497,-0.373143,Lincolnshire
Stourport (UK/England),52.3417839,-2.277593,Worcestershire
Accrington (UK/England),53.753609,-2.37218,Lancashire
Birmingham (UK/England),52.48624299999999,-1.890401,West Midlands
Edinburgh (UK/Scotland),55.953252,-3.188267,Edinburgh
Leven (UK/England),53.8938742,-0.3399154,East Riding of Yorkshire
Doncaster (UK/England),53.52282,-1.128462,South Yorkshire
"Tan Hill, Whiltshire (UK/England)",54.8225229,-1.5982294,County Durham
London (UK/England),51.5072178,-0.1275862,London
Glasgow (UK/Scotland),55.86167039999999,-4.2583345,Lanarkshire
Bicester (UK/England),51.8999993,-1.1531524,Oxfordshire
London (UK/England),51.5072178,-0.1275862,London
Birmingham (UK/England),52.48624299999999,-1.890401,West Midlands
Worcester (UK/England),52.193636,-2.221575,Worcestershire
Larkhall (UK/Scotland),55.737744,-3.971699,South Lanarkshire
Cheshire (UK/England),53.23263439999999,-2.6103157,[]
Swindon (UK/England),51.5583777,-1.7809759,Swindon
Hull (UK/England),53.76762360000001,-0.3274198,[]
Manchester (UK/England),53.4807593,-2.2426305,Manchester
Birmingham (UK/England),52.48624299999999,-1.890401,West Midlands
Sowerby Bridge (UK/England),53.706709,-1.913411,West Yorkshire
Wolverhampton (UK/England),52.5868159,-2.1256587,West Midlands
Lancashire (UK/England),53.7632254,-2.7044052,Lancashire
London (UK/England),51.5072178,-0.1275862,London
Sutton Coldfield (UK/England),52.57038499999999,-1.824042,West Midlands
Borehamwood (UK/England),51.657728,-0.272308,Hertfordshire
Falkirk (UK/Scotland),56.00187750000001,-3.7839131,Falkirk
Hounslow (UK/England),51.46092179999999,-0.373149,London
London (UK/England),51.5072178,-0.1275862,London
Bristol (UK/England),51.454513,-2.58791,Bristol City
"Boston, Lincolnshire (UK/England)",52.97893999999999,-0.026577,Lincolnshire
"Stanmore, Winchester (UK/England)",51.0529855,-1.335218,Hampshire
Plymouth (UK/England),50.3754565,-4.1426565,[]
Birmingham (UK/England),52.48624299999999,-1.890401,West Midlands
Lincolnshire (UK/England),52.9451889,-0.1601246,Lincolnshire
Glasgow (UK/Scotland),55.86167039999999,-4.2583345,Lanarkshire
Stafford (UK/England),52.806693,-2.12066,Staffordshire
London (UK/England),51.5072178,-0.1275862,London
Nottingham (UK/England),52.9540223,-1.1549892,Nottingham
Birmingham (UK/England),52.48624299999999,-1.890401,West Midlands
Tamworth (UK/England),52.633584,-1.691032,Staffordshire
Larkhall (UK/Scotland),55.737744,-3.971699,South Lanarkshire
Camborne (UK/England),50.21277,-5.2947749,Cornwall
London (UK/England),51.5072178,-0.1275862,London
Nottingham (UK/England),52.9540223,-1.1549892,Nottingham
Northwich (UK/England),53.25868029999999,-2.5181321,Cheshire West and Chester
Axminister (UK/England),50.78272699999999,-2.994937,Devon
Southport (UK/England),53.645708,-3.010113,Merseyside
Harrogate (UK/England),53.99212,-1.541812,North Yorkshire
West Drayton (UK/England),51.502985,-0.4654099999999999,London
Fair Oak (UK/England),50.965896,-1.298133,Hampshire
Darwen (UK/England),53.695451,-2.46874,Blackburn with Darwen
Glasgow (UK/Scotland),55.86167039999999,-4.2583345,Lanarkshire
Brookwood (UK/England),51.305319,-0.639228,Surrey
Lancashire (UK/England),53.7632254,-2.7044052,Lancashire
Coventry (UK/England),52.4128163,-1.5089521,West Midlands
Swadlincote (UK/England),52.771318,-1.554997,Derbyshire
Swansea (UK/Wales),51.62144,-3.943645999999999,Swansea
Norfolk (UK/England),52.6139686,0.8864021,Norfolk
Leamington Spa (UK/England),52.2851905,-1.5200789,Warwickshire
North Harringay (UK/England),51.5860016,-0.1054493,London
Stockton on tees (UK/England,54.5704551,-1.3289821,Stockton-on-Tees
Herefordshire (UK/England),52.05639799999999,-2.715974,Herefordshire
Skegness (UK/England),53.146403,0.337881,Lincolnshire
London (UK/England),51.5072178,-0.1275862,London
Wolverhampton (UK/England),52.5868159,-2.1256587,West Midlands
London (UK/England),51.5072178,-0.1275862,London
London (UK/England),51.5072178,-0.1275862,London
Louth (UK/England),53.365962,-0.0077109999999999,Lincolnshire
Doncaster (UK/England),53.52282,-1.128462,South Yorkshire
Bolton (UK/England),53.57686469999999,-2.4282192,Manchester
Hunstanton (UK/England),52.9389139,0.491032,Norfolk
Norwich (UK/England),52.6292567,1.2978802,Norfolk
Conwy (UK/Wales),53.282872,-3.82948,Conwy Principal Area
"Dudley, Kingswinford (UK/England)",52.5047897,-2.1738887,West Midlands
Corby (UK/England),52.49229829999999,-0.6842332999999999,Northamptonshire
Hertfordshire (UK/England),51.80978229999999,-0.2376744,Hertfordshire
Kettering (UK/England),52.396322,-0.7302489999999999,Northamptonshire
Lichfield (UK/England),52.681602,-1.831672,Staffordshire
Knutsford (UK/England),53.3005939,-2.371833,Cheshire East
Aberdeen (UK/Scotland),57.1498891,-2.0937528,Aberdeen City
Wolverhampton (UK/England),52.5868159,-2.1256587,West Midlands
Glastonbury (UK/England),51.147427,-2.718454,Somerset
Catford (London)(UK/England),51.4453954,-0.0160913,London
Derbyshire (UK/England),53.1046782,-1.5623885,Derbyshire
Bridgend (UK/Wales),51.504286,-3.576945,Bridgend County Borough
Hull (UK/England),53.76762360000001,-0.3274198,[]
Hull (UK/England),53.76762360000001,-0.3274198,[]
London (UK/England),51.5072178,-0.1275862,London
Cumbria (UK/England),54.5772323,-2.7974835,Cumbria
Holywell (UK/Wales),53.27600899999999,-3.225103,Flintshire
Bishops Castle (UK/England),52.4900507,-2.9984386,Shropshire
Kirkby In Ashfield (UK/England),53.100963,-1.269612,Nottinghamshire
North Bristol (UK/England),51.4856026,-2.505176,South Gloucestershire
London (UK/England),51.5072178,-0.1275862,London
London (UK/England),51.5072178,-0.1275862,London
Somerset (UK/England)k,51.105097,-2.9262307,Somerset
Bridgwater (UK/England),51.127889,-3.003632,Somerset
Middlesbrough (UK/England),54.574227,-1.234956,Middlesbrough
Newcastle upon Tyne (UK/England),54.978252,-1.61778,Tyne and Wear
London (UK/England),51.5072178,-0.1275862,London
South London (UK/England),51.3888898,-0.1403317,London
Coventry (UK/England),52.4128163,-1.5089521,West Midlands
Leicester (UK/England),52.6368778,-1.1397592,Leicester
Stoke-on-Trent (UK/England),53.0033369,-2.1827408,Stoke-on-Trent
Dudley (UK/England),52.512255,-2.081112,West Midlands
Dorset (UK/England),50.7487635,-2.3444786,Dorset
Leeds (UK/England),53.8007554,-1.5490774,West Yorkshire
Cardiff (UK/Wales),51.483707,-3.1680962,Cardiff
Dalton-in-Furness (UK/England),54.156887,-3.1782,Cumbria
Birmingham (UK/England),52.48624299999999,-1.890401,West Midlands
Moreton Morrell (UK/England),52.2011754,-1.5457407,Warwickshire
Halesowen (UK/England),52.449845,-2.050526,West Midlands
Ramskate (UK/England),51.335545,1.419895,Kent
Kent (UK/England),51.2787075,0.5217254000000001,Kent
Blackpool (UK/England),53.81674229999999,-3.0370485,Blackpool
Liverpool (UK/England),53.4083714,-2.9915726,Merseyside
Wolverhampton (UK/England),52.5868159,-2.1256587,West Midlands
Stockport (UK/England),53.41063159999999,-2.1575332,Manchester
Essex (UK/England),51.57424469999999,0.4856781,Essex
Frodsham/Northwich (UK/England),53.2967045,-2.7245643,Cheshire West and Chester
"Hove, Aldrington, Portslade-by-sea (UK/England)",50.842729,-0.21423,Brighton and Hove
London (UK/England),51.5072178,-0.1275862,London
Colchester (UK/England),51.895927,0.8918740000000001,Essex
Welwyn Garden City (UK/England),51.8031689,-0.208661,Hertfordshire
Doncaster (South Yorkshire)(UK/England),53.52282,-1.128462,South Yorkshire
Nottingham (UK/England),52.9540223,-1.1549892,Nottingham
Southport (UK/England),53.645708,-3.010113,Merseyside
Brompton (UK/England),51.3917137,0.5298968000000001,Medway
Cumbernauld (UK/Scotland),55.945668,-3.992534,North Lanarkshire
Skelmersdale (UK/England),53.549284,-2.774735,Lancashire
Motherwell (UK/England),55.78320919999999,-3.9810968,North Lanarkshire
Solihull (UK/England),52.411811,-1.77761,West Midlands
Teston (UK/England),51.25526,0.4421859,Kent
Plymouth (UK/England),50.3754565,-4.1426565,[]
Coventry (UK/England),52.4128163,-1.5089521,West Midlands
Guernsey (UK/England),52.3555177,-1.1743197,Northamptonshire
Sheffield (UK/England),53.38112899999999,-1.470085,South Yorkshire
Kendal (UK/England),54.32800599999999,-2.74629,Cumbria
Leicester (UK/England),52.6368778,-1.1397592,Leicester
Leicester (UK/England),52.6368778,-1.1397592,Leicester
Chester (UK/England),53.193392,-2.893075,Cheshire West and Chester
London (UK/England),51.5072178,-0.1275862,London
Leftwich/Northwich (UK/England),53.2446539,-2.5053619,Cheshire West and Chester
Lincolnshire (UK/England),52.9451889,-0.1601246,Lincolnshire
London (UK/England),51.5072178,-0.1275862,London
Crawley (UK/England),51.1091401,-0.1872275,West Sussex
Halifax (UK/England),53.72702,-1.85754,West Yorkshire
Yorkshire (UK/England),53.9590858,-1.0792403,York
Loughton (UK/England),51.655942,0.068161,Essex
Shrewsbury (UK/England),52.70730289999999,-2.7553268,Shropshire
Hartlepool (UK/England),54.691745,-1.212926,Hartlepool
Dorset (UK/England),50.7487635,-2.3444786,Dorset
Basingstoke (UK/England),51.26654,-1.0923964,Hampshire
London (UK/England),51.5072178,-0.1275862,London
Scunthorpe (UK/England),53.588646,-0.654413,North Lincolnshire
Dumfries (UK/Scotland),55.070859,-3.60512,Dumfries and Galloway
Glasgow (UK/Scotland),55.86167039999999,-4.2583345,Lanarkshire
Solihull (UK/England),52.411811,-1.77761,West Midlands
Watford (UK/England),51.66112829999999,-0.3970199,Hertfordshire
South Yorkshire (UK/England),53.46969679999999,-1.3259683,South Yorkshire
Ipswich (UK/England),52.056736,1.14822,Suffolk
Wrexham (UK/England),52.3555177,-1.1743197,Northamptonshire
London (UK/England),51.5072178,-0.1275862,London
Edinburgh (UK/Scotland),55.953252,-3.188267,Edinburgh
Isle of Wight (UK/England),50.69384789999999,-1.304734,Isle of Wight
Birmingham (UK/England),52.48624299999999,-1.890401,West Midlands
Birmingham (UK/England),52.48624299999999,-1.890401,West Midlands
Beer (UK/England),52.3555177,-1.1743197,Northamptonshire
Folkestone (UK/England),51.081397,1.169456,Kent
Edinburgh (UK/Scotland),55.953252,-3.188267,Edinburgh
Southampton (UK/England),50.9105468,-1.4049018,Southampton
Acol (UK/England),51.3585815,1.3133861,Kent
Grimsby (UK/England),53.567471,-0.080784,North East Lincolnshire
Eastbourne (UK/England),50.768035,0.290472,East Sussex
Warrington (UK/England),53.3900441,-2.5969501,Warrington
Northamptonshire (UK/England),52.23706499999999,-0.8944420999999999,Northamptonshire
Durham (UK/England),54.77525,-1.584852,County Durham
Furness (UK/Scotland),56.153288,-5.181776,Argyll and Bute Council
Manchester (UK/England),53.4807593,-2.2426305,Manchester
Shaw Oldham (UK/England),53.5463153,-2.1089664,Manchester
Channel Islands & Norwich (UK/England),52.6292567,1.2978802,Norfolk
Blandford Forum (UK/England),50.856908,-2.165353,Dorset
Nelson (UK/England),53.835187,-2.219377,Lancashire
"Helsby, Cheshire (UK/England)",53.273014,-2.769426,Cheshire West and Chester
Lancaster (UK/England),54.0449072,-2.799346700000001,Lancashire
London (UK/England),51.5072178,-0.1275862,London
Manchester (UK/England),53.4807593,-2.2426305,Manchester
London (UK/England),51.5072178,-0.1275862,London
Pulborough (UK/England),50.957304,-0.510671,West Sussex
London (UK/England),51.5072178,-0.1275862,London
Darlington (UK/England),54.52361,-1.559458,Darlington
Gatwick Airport (UK/England),51.1536621,-0.1820629,West Sussex
London (UK/England),51.5072178,-0.1275862,London
Lancashire County (UK/England),53.7632254,-2.7044052,Lancashire
Dumfries/Galloway (UK/Scotland),55.0701073,-3.6052581,Dumfries and Galloway
Lenzie (UK/Scotland),55.9235791,-4.1556413,East Dunbartonshire Council
Somerset (UK/England),51.105097,-2.9262307,Somerset
Flamborough (UK/England),54.116328,-0.124833,East Riding of Yorkshire
Aldershot (UK/England),51.248366,-0.7557509,Hampshire
Edinburgh (UK/Scotland),55.953252,-3.188267,Edinburgh
Hope (UK/England),53.3615654,-1.753352,Derbyshire
Wembly (UK/England),51.550501,-0.3048409,London
London (UK/England),51.5072178,-0.1275862,London
Milford Haven (UK/England),51.714306,-5.042697,Pembrokeshire
Todmorden (UK/England),53.716344,-2.0987969,West Yorkshire
West Cornforth (UK/England),54.6974925,-1.5105628,County Durham
Salisbury (UK/England),51.068785,-1.794472,Wiltshire
Edinburgh (UK/Scotland),55.953252,-3.188267,Edinburgh
Northampton (UK/England),52.23706499999999,-0.8944420999999999,Northamptonshire
Gillingham (UK/England),51.386322,0.551438,Medway
Worksop (UK/England),53.309302,-1.122745,Nottinghamshire
Manchester (UK/England),53.4807593,-2.2426305,Manchester
Northwich (UK/England),53.25868029999999,-2.5181321,Cheshire West and Chester
Kirkcaldy (UK/Scotland),56.1168249,-3.158137,Fife
Huntingdon (UK/England),52.33146,-0.182552,Cambridgeshire
Wrexham (UK/England),52.3555177,-1.1743197,Northamptonshire
London (UK/England),51.5072178,-0.1275862,London
Coventry (UK/England),52.4128163,-1.5089521,West Midlands
Shotts (UK/Scotland),55.8238816,-3.8063955,North Lanarkshire
London (UK/England),51.5072178,-0.1275862,London
Norwich (UK/England),52.6292567,1.2978802,Norfolk
Shropshire (UK/England),52.7063657,-2.7417849,Shropshire
Manchester (UK/England),53.4807593,-2.2426305,Manchester
Manchester (UK/England),53.4807593,-2.2426305,Manchester
Aylesbury (UK/England),51.815606,-0.8084,Buckinghamshire
Bridgewater (UK/England),51.127889,-3.003632,Somerset
Hailsham (UK/England),50.864612,0.255234,East Sussex
Manchester (UK/England),53.4807593,-2.2426305,Manchester
Brighton (UK/England),50.8229402,-0.1362672,Brighton and Hove
Swinton (UK/England),53.511443,-2.3462325,Manchester
Keele (UK/England),53.0038224,-2.2873404,Staffordshire
Stratford (UK/England),52.19173,-1.708298,Warwickshire
Blackpool (UK/England),53.81674229999999,-3.0370485,Blackpool
Watford (UK/England),51.66112829999999,-0.3970199,Hertfordshire
Whitstable (UK/England),51.361047,1.024256,Kent
London (UK/England),51.5072178,-0.1275862,London
Nottingham (UK/England),52.9540223,-1.1549892,Nottingham
"Maidstone, Kent (UK/England",51.270363,0.522699,Kent
Stroud (UK/England),51.745734,-2.217758,Gloucestershire
Keighley (UK/England),53.867795,-1.912358,West Yorkshire
Bristol (UK/England),51.454513,-2.58791,Bristol City
Lincoln (UK/England),52.9451889,-0.1601246,Lincolnshire
Chelmsford (UK/England),51.7355868,0.4685497,Essex
Kirkcaldy (UK/Scotland),56.1168249,-3.158137,Fife
London (UK/England),51.5072178,-0.1275862,London
Plymouth (UK/England),50.3754565,-4.1426565,[]
"Worthing, Sussex (UK/England)",50.81787,-0.372882,West Sussex
Swansea (UK/Wales),51.62144,-3.943645999999999,Swansea
Edinburgh (UK/Scotland),55.953252,-3.188267,Edinburgh
Nottingham (UK/England),52.9540223,-1.1549892,Nottingham
Ellesmere Port (UK/England),53.279812,-2.897404,Cheshire West and Chester
Hatfield Hertfordshire (UK/England),51.763366,-0.22309,Hertfordshire
Stratford (UK/England),52.19173,-1.708298,Warwickshire
Manchester (UK/England),53.4807593,-2.2426305,Manchester
Birmingham (UK/England),52.48624299999999,-1.890401,West Midlands
Manchester (UK/England),53.4807593,-2.2426305,Manchester
"Dorking, Surrey (UK/England)",51.232202,-0.332378,Surrey
Motherwell (UK/Scotland),55.78320919999999,-3.9810968,North Lanarkshire
Aberdeen (UK/Scotland),57.1498891,-2.0937528,Aberdeen City
Margate (UK/England),51.38964600000001,1.3868339,Kent
Sunderland (UK/England),54.906869,-1.383801,Tyne and Wear
Middlesbrough (UK/England),54.574227,-1.234956,Middlesbrough
London (Ealing Broadway)(UK/England),51.5146192,-0.3022912,London
Glan Conwy (UK/England),52.3555177,-1.1743197,Northamptonshire
Manchester (UK/England),53.4807593,-2.2426305,Manchester
Alfreton (UK/England),53.09744999999999,-1.382256,Derbyshire
Blackpool (UK/England),53.81674229999999,-3.0370485,Blackpool
Salford (UK/England),53.48752349999999,-2.2901264,Manchester
Cardiff (UK/Wales),51.483707,-3.1680962,Cardiff
Leigh (UK/England),53.496115,-2.518727,Manchester
Liverpool (UK/England),53.4083714,-2.9915726,Merseyside
Derbyshire (UK/England),53.1046782,-1.5623885,Derbyshire
Kidlington (UK/England),51.823398,-1.290459,Oxfordshire
Kirkcaldy (UK/Scotland),56.1168249,-3.158137,Fife
London (UK/England),51.5072178,-0.1275862,London
Nottingham (UK/England),52.9540223,-1.1549892,Nottingham
Bushey (UK/England),51.64761499999999,-0.35842,Hertfordshire
Llandudno (UK/Wales),53.324061,-3.827609,Conwy Principal Area
Manchester (UK/England),53.4807593,-2.2426305,Manchester
Birmigham (UK/England),52.48624299999999,-1.890401,West Midlands
Edinburgh (UK/Scotland),55.953252,-3.188267,Edinburgh
Hoylake (UK/England),53.393238,-3.1762801,Merseyside
Glasgow (UK/Scotland),55.86167039999999,-4.2583345,Lanarkshire
Castleford Nr Leeds (UK/England),53.8078423,-1.4615722,West Yorkshire
London (UK/England),51.5072178,-0.1275862,London
Manchester (UK/England),53.4807593,-2.2426305,Manchester
Westbury (UK/England),51.256659,-2.185772,Wiltshire
"Wimborne, Dorset (UK/England)",50.8004646,-1.9830004,Dorset
Sidcup (UK/England),51.4264863,0.1009392,London
Brighton (UK/England),50.8229402,-0.1362672,Brighton and Hove
London (UK/England),51.5072178,-0.1275862,London
Sunderland (UK/England),54.906869,-1.383801,Tyne and Wear
Kingston upon Hull (UK/England),53.76762360000001,-0.3274198,[]
Gloucester (UK/England),51.8642449,-2.238156,Gloucestershire
Rosendale (UK/England),53.70645099999999,-2.279366,Lancashire
Birmingham (UK/England),52.48624299999999,-1.890401,West Midlands
Brighton (UK/England),50.8229402,-0.1362672,Brighton and Hove
London (UK/England),51.5072178,-0.1275862,London
Ashford (UK/England),51.14510070000001,0.8739631,Kent
Putney (UK/England),51.4596431,-0.2141257,London
North Queensferry (UK/Scotland),56.0101001,-3.3945959,Fife
Suffolk/Cambridgeshire/Essex/London (UK/England),51.5072178,-0.1275862,London
Wirral (UK/England),53.3727181,-3.073754,Merseyside
Coventry (UK/England),52.4128163,-1.5089521,West Midlands
Exeter (UK/England),50.72603669999999,-3.5274889,Devon
Reading (UK/England),51.45512009999999,-0.9787475,Berkshire
Newcastle-Upon-Tyne (UK/England),54.978252,-1.61778,Tyne and Wear
Inverness (UK/Scotland),57.477773,-4.224721,Highland Council
Wakefield (UK/England),53.683298,-1.505924,West Yorkshire
Bognor Regis (UK/England),50.782998,-0.673061,West Sussex
Liverpool (UK/England),53.4083714,-2.9915726,Merseyside
Newcastle upon Tyne (UK/England),54.978252,-1.61778,Tyne and Wear
Haslemere (UK/England),51.090856,-0.7133729999999999,Surrey
Glasgow (UK/Scotland),55.86167039999999,-4.2583345,Lanarkshire
Bradford (UK/England),53.7937996,-1.7563583,West Yorkshire
"Fair Oak, Hampshire (UK/England)",50.965896,-1.298133,Hampshire
Wakefield (UK/England),53.683298,-1.505924,West Yorkshire
Altrincham (UK/England),53.38690459999999,-2.3488983,Manchester
Falkirk (UK/Scotland),56.00187750000001,-3.7839131,Falkirk
Manchester (UK/England),53.4807593,-2.2426305,Manchester
Haworth (UK/England),53.830155,-1.949237,West Yorkshire
Bristol (UK/England),51.454513,-2.58791,Bristol City
Woodford Green (UK/England),51.6092549,0.0405521,London
Welwyn Garden City (UK/England),51.8031689,-0.208661,Hertfordshire
Alton (Hampshire)(UK/England),51.150719,-0.973177,Hampshire
Norton (UK/England),54.5887043,-1.3110078,Stockton-on-Tees
"Sherston, Malmesbury (UK/England)",51.586357,-2.102834,Wiltshire
Newcastle upon Tyne (UK/England),54.978252,-1.61778,Tyne and Wear
Essex (UK/England),51.57424469999999,0.4856781,Essex
Keighley (UK/England),53.867795,-1.912358,West Yorkshire
Nottinghamshire (UK/England),52.9540223,-1.1549892,Nottingham
Wolverhampton (UK/England),52.5868159,-2.1256587,West Midlands
Grimsby (UK/England),53.567471,-0.080784,North East Lincolnshire
Swindon (UK/England),51.5583777,-1.7809759,Swindon
Coventry (UK/England),52.4128163,-1.5089521,West Midlands
London (UK/England),51.5072178,-0.1275862,London
Mansfield Woodhouse (UK/England),53.166472,-1.189765,Nottinghamshire
Hull (UK/England),53.76762360000001,-0.3274198,[]
Oxford (UK/England),51.7520209,-1.2577263,Oxfordshire
Arbroath (UK/Scotland),56.559107,-2.591543,Angus Council
Luton (UK/England),51.8786707,-0.4200255,Luton
"Dewsbury, West Yorkshire (UK/England)",53.689833,-1.6296949,West Yorkshire
Leeds (UK/England),53.8007554,-1.5490774,West Yorkshire
Aylesbury (UK/England),51.815606,-0.8084,Buckinghamshire
Bagshot  Surrey (UK/England),51.360343,-0.697894,Surrey
St. Andrews (UK/Scotland),56.3397753,-2.7967214,Fife
Liverpool (UK/England),53.4083714,-2.9915726,Merseyside
Maidenhead (UK/England),51.52182089999999,-0.7242048,Berkshire
Par (UK/England),50.35081700000001,-4.702452,Cornwall
East Barnet (UK/England),51.631068,-0.151271,London
Ryde (UK/England),50.729952,-1.163282,Isle of Wight
Raunds (UK/England),52.34169499999999,-0.541032,Northamptonshire
Tonbridge (UK/England),51.195043,0.27568,Kent
Glasgow (UK/Scotland),55.86167039999999,-4.2583345,Lanarkshire
Norwich (UK/England),52.6292567,1.2978802,Norfolk
Mottingham (UK/England),51.4368565,0.0431531,London
Lincoln (UK/England),52.9451889,-0.1601246,Lincolnshire
Caterham (UK/England),51.28029600000001,-0.0816158999999999,Surrey
Devon (UK/England),50.7155591,-3.530875,Devon
Carmarthenshire (UK/England),51.8572309,-4.311595899999999,Carmarthenshire
Derby (UK/England),52.9225301,-1.4746186,Derby
Nottingham (UK/England),52.9540223,-1.1549892,Nottingham
London (UK/England),51.5072178,-0.1275862,London
London (UK/England),51.5072178,-0.1275862,London
London (UK/England),51.5072178,-0.1275862,London
Kirkcaldy (UK/Scotland),56.1168249,-3.158137,Fife
Middlesbrough (UK/England),54.574227,-1.234956,Middlesbrough
Glastonbury (UK/England),51.147427,-2.718454,Somerset
London (UK/England),51.5072178,-0.1275862,London
Kent (UK/England),51.2787075,0.5217254000000001,Kent
London (UK/England),51.5072178,-0.1275862,London
Burton on Trent (UK/England),52.81402809999999,-1.6371359,Staffordshire
Cardiff (Vale of Glamorgan)(UK/Wales),51.483707,-3.1680962,Cardiff
Brigg (UK/England),53.55184999999999,-0.491887,North Lincolnshire
Coventry (UK/England),52.4128163,-1.5089521,West Midlands
Doncaster (UK/England),53.52282,-1.128462,South Yorkshire
Glasgow (UK/Scotland),55.86167039999999,-4.2583345,Lanarkshire
Alfreton (UK/England),53.09744999999999,-1.382256,Derbyshire
Warton (UK/England),54.146949,-2.766374,Lancashire
Burgess Hill (UK/England),50.954469,-0.128701,West Sussex
Glasgow (UK/Scotland),55.86167039999999,-4.2583345,Lanarkshire
Newport (UK/Wales),51.584151,-2.997664,Newport
Nuneaton (Warwickshire)(UK/England),52.520489,-1.465382,[]
Manchester (UK/England),53.4807593,-2.2426305,Manchester
Leigh on Sea (UK/England),51.5423959,0.6535069,Southend-on-Sea
Derbyshire (UK/England),53.1046782,-1.5623885,Derbyshire
Weymouth (UK/England),50.6099306,-2.4546253,Dorset
Cambridgeshire (UK/England),52.1950788,0.1312729,Cambridgeshire
Fife (UK/Scotland),56.2082078,-3.1495175,[]
Dunfermline (UK/Scotland),56.071741,-3.452151,Fife
Cardiff (UK/Wales),51.483707,-3.1680962,Cardiff
Hampshire (UK/England),51.05769480000001,-1.3080629,Hampshire
Benson (UK/England),51.621665,-1.104306,Oxfordshire
London (UK/England),51.5072178,-0.1275862,London
Minehead (Somerset)(UK/England),51.20428,-3.481152,Somerset
Barking (UK/England),51.536563,0.075766,London
London (UK/England),51.5072178,-0.1275862,London
Newark on Trent (UK/England),53.0744766,-0.809773,Nottinghamshire
Scunthorpe (UK/England),53.588646,-0.654413,North Lincolnshire
Isle of Man (UK/England),52.3555177,-1.1743197,Northamptonshire
County Durham (UK/England),54.7294099,-1.8811598,County Durham
Lutton (UK/England),52.809452,0.124674,Lincolnshire
Great Yarmouth (UK/England),52.598233,1.728047,Norfolk
Dartmouth (UK/England),50.352517,-3.578807,Devon
Ipswich (UK/England),52.056736,1.14822,Suffolk
Harrogate (UK/England),53.99212,-1.541812,North Yorkshire
Glastonbury (UK/England),51.147427,-2.718454,Somerset
Edinburgh (UK/Scotland),55.953252,-3.188267,Edinburgh
Bristol (UK/England),51.454513,-2.58791,Bristol City
Scene in English movie (UK/England),52.3555177,-1.1743197,Northamptonshire
Aldershot (UK/England),51.248366,-0.7557509,Hampshire
Swansea (UK/Wales),51.62144,-3.943645999999999,Swansea
Leister (UK/England),52.6368778,-1.1397592,Leicester
Spalding (UK/England),52.79010160000001,-0.1537024,Lincolnshire
Crawley (UK/England),51.1091401,-0.1872275,West Sussex
London (UK/England),51.5072178,-0.1275862,London
Northampton (UK/England),52.23706499999999,-0.8944420999999999,Northamptonshire
The Longwood Estate (Hampshire)(UK/England),51.05769480000001,-1.3080629,Hampshire
Derby (UK/England),52.9225301,-1.4746186,Derby
Swansea (UK/Wales),51.62144,-3.943645999999999,Swansea
Manchester (UK/England),53.4807593,-2.2426305,Manchester
Holywell (UK/Wales),53.27600899999999,-3.225103,Flintshire
Bracknell (UK/England),51.41419819999999,-0.752517,Berkshire
Coalville (UK/England),52.724569,-1.3677109,Leicestershire
Stoke-on-Trent (UK/England),53.0033369,-2.1827408,Stoke-on-Trent
Norwich (Norfolk)(UK/England),52.6292567,1.2978802,Norfolk
Menstrie (near Stirling)(UK/Scotland),56.15111599999999,-3.854673999999999,Clackmannanshire
London (UK/England),51.5072178,-0.1275862,London
Weston Super Mare (UK/England),51.345606,-2.9612624,North Somerset
London (UK/England),51.5072178,-0.1275862,London
London (UK/England),51.5072178,-0.1275862,London
"Boston, Lincolnshire (UK/England)",52.97893999999999,-0.026577,Lincolnshire
Leicester (UK/England),52.6368778,-1.1397592,Leicester
Bracknell (UK/England),51.41419819999999,-0.752517,Berkshire
Gloucester (UK/England),51.8642449,-2.238156,Gloucestershire
"Chawton, Hampshire (UK/England)",51.131258,-0.987425,Hampshire
Dundee (UK/Scotland),56.462018,-2.970721,Dundee City Council
Coventry (UK/England),52.4128163,-1.5089521,West Midlands
Bristol (UK/England),51.454513,-2.58791,Bristol City
Manchester (UK/England),53.4807593,-2.2426305,Manchester
Bideford (UK/England),51.016684,-4.206666,Devon
Oxfordshire (UK/England),51.7520209,-1.2577263,Oxfordshire
Guildford (UK/England),51.23622,-0.570409,Surrey
Worcestershire (UK/England),52.193636,-2.221575,Worcestershire
Cheshire (UK/England),53.23263439999999,-2.6103157,[]
Runcorn (UK/England),53.342078,-2.729673,Borough of Halton
Wirral (Merseyside)(UK/Wales),53.3727181,-3.073754,Merseyside
Bristol (UK/England),51.454513,-2.58791,Bristol City
Liverpool (UK/England),53.4083714,-2.9915726,Merseyside
Ellesmere Port (UK/England),53.279812,-2.897404,Cheshire West and Chester
Liverpool (UK/England),53.4083714,-2.9915726,Merseyside
London (UK/England),51.5072178,-0.1275862,London
Falmouth (UK/England),50.15257099999999,-5.066269999999999,Cornwall
"Kirkham, Preston (UK/England)",53.7634781,-2.7101615,Lancashire
Hartlepool (UK/England),54.691745,-1.212926,Hartlepool
Morley (UK/England),53.744513,-1.598045,West Yorkshire
Rotherham (UK/England),53.4326035,-1.3635009,South Yorkshire
Streetly (UK/England),52.5782913,-1.8840762,West Midlands
London (UK/England),51.5072178,-0.1275862,London
Doncaster (UK/England),53.52282,-1.128462,South Yorkshire
Hamilton (UK/Scotland),55.77763299999999,-4.053679,South Lanarkshire
North Yorkshire (UK/England),53.9915028,-1.5412015,North Yorkshire
"Chawton, Hampshire (UK/England)",51.131258,-0.987425,Hampshire
London (UK/England),51.5072178,-0.1275862,London
Manchester (UK/England),53.4807593,-2.2426305,Manchester
Derbyshire (UK/England),53.1046782,-1.5623885,Derbyshire
Kettering (UK/England),52.396322,-0.7302489999999999,Northamptonshire
"Brentwood, Essex (UK/England)",51.620475,0.3071749,Essex
Wigan (UK/England),53.5450645,-2.6325074,Manchester
Kilmartin (UK/Scotland),56.1350941,-5.484349099999999,Argyll and Bute Council
Nottingham (UK/England),52.9540223,-1.1549892,Nottingham
Glasgow (UK/Scotland),55.86167039999999,-4.2583345,Lanarkshire
Lincoln (UK/England),52.9451889,-0.1601246,Lincolnshire
Edinburgh (UK/Scotland),55.953252,-3.188267,Edinburgh
Manchester (UK/England),53.4807593,-2.2426305,Manchester
West Sussex (UK/England),50.9280143,-0.4617075,West Sussex
Weymouth (UK/England),50.6099306,-2.4546253,Dorset
Wellingborough (UK/England),52.302419,-0.6939639999999999,Northamptonshire
London ((UK/England),51.5072178,-0.1275862,London
"Alton, Hampshire (UK/England)",51.150719,-0.973177,Hampshire
Whitwell/Worksop (UK/England),53.285594,-1.209239,Derbyshire
Peacehaven (UK/England),50.793209,-0.005174,East Sussex
Murton (UK/England),54.81464200000001,-1.38712,County Durham
"Long Sutton, Lincolnshire (UK/England)",52.7849778,0.1204287,Lincolnshire
Harpenden (UK/England),51.81845999999999,-0.358953,Hertfordshire
Bath (UK/England),51.3781018,-2.3596827,Bath and North East Somerset
Bristol (UK/England),51.454513,-2.58791,Bristol City
Irvine (UK/Scotland,55.61156690000001,-4.6696364,North Ayrshire Council
London (UK/England),51.5072178,-0.1275862,London
Wolverhampton (UK/England),52.5868159,-2.1256587,West Midlands
London (UK/England),51.5072178,-0.1275862,London
Liverpool (UK/England),53.4083714,-2.9915726,Merseyside
"Hinton Blewitt, Bristol (UK/England)",51.31148109999999,-2.5845141,[]
Sheffield (UK/England),53.38112899999999,-1.470085,South Yorkshire
Milon Keynes (UK/England),52.0406224,-0.7594171,Milton Keynes
Bristol (UK/England),51.454513,-2.58791,Bristol City
London (UK/England),51.5072178,-0.1275862,London
Leicestershire (UK/England),52.772571,-1.2052126,Leicestershire
London (UK/England),51.5072178,-0.1275862,London
Birkenhead (UK/England),53.38811639999999,-3.0299176,Merseyside
London (UK/England),51.5072178,-0.1275862,London
Boston (UK/England),52.97893999999999,-0.026577,Lincolnshire
Devon (UK/England),50.7155591,-3.530875,Devon
Bedford (UK/England),52.1386394,-0.4667782,Bedford
Nottingham (UK/England),52.9540223,-1.1549892,Nottingham
Newport (UK/Wales),51.584151,-2.997664,Newport
South Yorkshire (UK/England),53.46969679999999,-1.3259683,South Yorkshire
Tamworth (UK/England),52.633584,-1.691032,Staffordshire
Newmarket (UK/England),52.24487999999999,0.407962,Suffolk
Oldham (UK/England),53.5409298,-2.1113659,Manchester
London (UK/England),51.5072178,-0.1275862,London
Frant (UK/England),51.0961209,0.2705081,East Sussex
"Wednesbury, West Midlands (UK/England)",52.552888,-2.02208,West Midlands
Lancaster (UK/England),54.0449072,-2.799346700000001,Lancashire
London (UK/England),51.5072178,-0.1275862,London
Loanhead (UK/Scotland),55.876406,-3.149354,Midlothian
Liverpool (UK/England),53.4083714,-2.9915726,Merseyside
Bedlington (UK/England),55.131664,-1.599454,Northumberland
Pembroke Dock (UK/Wales),51.691894,-4.943763,Pembrokeshire
Leeds (UK/England),53.8007554,-1.5490774,West Yorkshire
Lincoln (UK/England),52.9451889,-0.1601246,Lincolnshire
Fleetwood (UK/England),53.916661,-3.035673,Lancashire
Newcastle (UK/England),54.978252,-1.61778,Tyne and Wear
Sundrland (UK/England),54.906869,-1.383801,Tyne and Wear
Warrington (UK/England),53.3900441,-2.5969501,Warrington
Rugby (UK/England),52.370878,-1.265032,Warwickshire
"Chawton, Hampshire (UK/England)",51.131258,-0.987425,Hampshire
Hull (UK/England),53.76762360000001,-0.3274198,[]
Nottingham (UK/England),52.9540223,-1.1549892,Nottingham
Exmouth (UK/England),50.619957,-3.413702,Devon
Portsmouth (UK/England),50.8197675,-1.0879769,Portsmouth
London (UK/England),51.5072178,-0.1275862,London
Newcastle Upon Tyne (UK/England),54.978252,-1.61778,Tyne and Wear
Bideford (UK/England),51.016684,-4.206666,Devon
Gosberton (UK/England),52.87059199999999,-0.161466,Lincolnshire
Oxford (UK/England),51.7520209,-1.2577263,Oxfordshire
Boston (UK/England),52.97893999999999,-0.026577,Lincolnshire
Birmingham (UK/England),52.48624299999999,-1.890401,West Midlands
Nunburnholme (UK/England),53.9225449,-0.704549,East Riding of Yorkshire
Scarborough (UK/England),54.283113,-0.399752,North Yorkshire
London (UK/England),51.5072178,-0.1275862,London
Birmingham (UK/England),52.48624299999999,-1.890401,West Midlands
"Blackburn, Lancashire (UK/England)",53.748575,-2.487529,Blackburn with Darwen
Sunderland (UK/England),54.906869,-1.383801,Tyne and Wear
Peterborough (UK/England),52.57031689999999,-0.2407996999999999,[]
"Chawton, Hampshire (UK/England)",51.131258,-0.987425,Hampshire
London (UK/England),51.5072178,-0.1275862,London
Glasgow/Rutherglen (UK/Scotland),55.828972,-4.2242689,South Lanarkshire
Birmingham (UK/England),52.48624299999999,-1.890401,West Midlands
"Poole, Dorset (UK/England)",50.71505,-1.987248,Dorset
"Wembley, London (UK/England)",51.550501,-0.3048409,London
Avoch (UK/Scotland),57.566687,-4.174666999999999,Highland Council
Coatbridge (UK/Scotland),55.862241,-4.019337,North Lanarkshire
Shirebrook (UK/England),53.2019189,-1.217961,Derbyshire
Wolverhampton (UK/England),52.5868159,-2.1256587,West Midlands
"Broughton Astley, Leicestershire (UK/England)",52.5252253,-1.2172262,Leicestershire
Sunderland (UK/England),54.906869,-1.383801,Tyne and Wear
London (UK/England),51.5072178,-0.1275862,London
Lancashire (UK/England),53.7632254,-2.7044052,Lancashire
Rugby Warks (UK/England),52.370878,-1.265032,Warwickshire
Tunbridge Wells (UK/England),51.132377,0.263695,Kent
Harefield (UK/England),51.60314,-0.484045,London
Brighton (UK/England),50.8229402,-0.1362672,Brighton and Hove
North Shields (UK/England),55.010762,-1.449138,Tyne and Wear
Coatbridge (UK/Scotland),55.862241,-4.019337,North Lanarkshire
Sheffield (UK/England),53.38112899999999,-1.470085,South Yorkshire
Sunderland (UK/England),54.906869,-1.383801,Tyne and Wear
Stoke Mandeville (UK/England),51.786027,-0.7915949999999999,Buckinghamshire
Gwent (UK/Wales),52.1306607,-3.7837117,[]
Chatham Maritime (UK/England),51.401496,0.5371736,Medway
Stoke-on-Trent (UK/England),53.0033369,-2.1827408,Stoke-on-Trent
Preston (UK/England),53.763201,-2.70309,Lancashire
Manchester (UK/England),53.4807593,-2.2426305,Manchester
Lancashire (UK/England),53.7632254,-2.7044052,Lancashire
Leeds (UK/England),53.8007554,-1.5490774,West Yorkshire
Leicester (UK/England),52.6368778,-1.1397592,Leicester
Helmsley (UK/England),54.24650579999999,-1.0562636,North Yorkshire
London (UK/England),51.5072178,-0.1275862,London
Millom (UK/England),54.2106147,-3.2718854,Cumbria
Aberdeen (UK/Scotland),57.1498891,-2.0937528,Aberdeen City
"Wirral, Cheshire (UK/England)",53.3727181,-3.073754,Merseyside
Birmingham (UK/England),52.48624299999999,-1.890401,West Midlands
Leicestershre (UK/England),52.772571,-1.2052126,Leicestershire
London (UK/England),51.5072178,-0.1275862,London
Birmingham (UK/England),52.48624299999999,-1.890401,West Midlands
Shropshire (UK/England),52.7063657,-2.7417849,Shropshire
Hull (UK/England),53.76762360000001,-0.3274198,[]
Brighton (UK/England),50.8229402,-0.1362672,Brighton and Hove
"Maidstone, Kent (UK/England)",51.270363,0.522699,Kent
Clevedon (UK/England),51.4284337,-2.8280061,North Somerset
"Rishton/Blackburn, Lancashire (UK/England)",53.76850899999999,-2.42362,Lancashire
Boston (UK/England),52.97893999999999,-0.026577,Lincolnshire
Peterborough (UK/England),52.57031689999999,-0.2407996999999999,[]
London (Enfield)(UK/England),51.6622909,-0.1180651,[]
Wolverhampton (UK/England),52.5868159,-2.1256587,West Midlands
South Ockendon (UK/England),51.521164,0.2943529,Thurrock
Croydon (UK/England),51.3769529,-0.0956895,London
Stevenage (UK/England),51.903761,-0.196612,Hertfordshire
Liverpool (UK/England),53.4083714,-2.9915726,Merseyside
Leven (UK/England),53.8938742,-0.3399154,East Riding of Yorkshire
Liverpool (UK/England),53.4083714,-2.9915726,Merseyside
"Boston, Lincolnshire (UK/England)",52.97893999999999,-0.026577,Lincolnshire
Droitwich (UK/England),52.2615914,-2.1526355,Worcestershire
Manchester (UK/England),53.4807593,-2.2426305,Manchester
Southport (UK/England),53.645708,-3.010113,Merseyside
Cardiff (UK/Wales),51.483707,-3.1680962,Cardiff
Blackpool (UK/England),53.81674229999999,-3.0370485,Blackpool
Basingstoke (UK/England),51.26654,-1.0923964,Hampshire
Bournemouth (UK/England),50.7220101,-1.8667169,Dorset
Wednesbury (UK/England),52.552888,-2.02208,West Midlands
Preston (UK/England),53.763201,-2.70309,Lancashire
"Oakham, Rutland (UK/England)",52.6695629,-0.726625,Rutland
"Falkirk, Glasgow (UK/Scotland)",55.85991869999999,-4.2117117,Lanarkshire
Northampton (UK/England),52.23706499999999,-0.8944420999999999,Northamptonshire
London (UK/England),51.5072178,-0.1275862,London
Alloa (UK/Scotland),56.114073,-3.791896,Clackmannanshire
Southport (UK/England),53.645708,-3.010113,Merseyside
Sunderland (UK/England),54.906869,-1.383801,Tyne and Wear
Cardiff (UK/Wales),51.483707,-3.1680962,Cardiff
Manchester (UK/England),53.4807593,-2.2426305,Manchester
Wrexham (UK/England),52.3555177,-1.1743197,Northamptonshire
Hastings (UK/England),50.854259,0.573453,East Sussex
London (UK/England),51.5072178,-0.1275862,London
Cheshire (UK/England),53.23263439999999,-2.6103157,[]
Warrington (Cheshire)(UK/England),53.3900441,-2.5969501,Warrington
Ipswich (UK/England),52.056736,1.14822,Suffolk
Parkwood in Medway (UK/England),51.4047432,0.5417860999999999,Medway
Macclesfield (UK/England),53.258663,-2.119287,Cheshire East
Elstree and Borehamwood (UK/England),51.65675599999999,-0.2778563,[]
Lancashire (UK/England),53.7632254,-2.7044052,Lancashire
Taunton (UK/England),51.015344,-3.106849,Somerset
Midgham (UK/England),51.40149419999999,-1.2026851,Berkshire
London (UK/England),51.5072178,-0.1275862,London
"Beccles, Suffolk. (UK/England)",52.459333,1.566053,Suffolk
Bathgate (UK/Scotland),55.9024,-3.643118,West Lothian
London (UK/England),51.5072178,-0.1275862,London
Skegness (UK/England),53.146403,0.337881,Lincolnshire
Milton Keynes (UK/England),52.0406224,-0.7594171,Milton Keynes
Manchester (UK/England),53.4807593,-2.2426305,Manchester
London (UK/England),51.5072178,-0.1275862,London
Kent (UK/England),51.2787075,0.5217254000000001,Kent
Swindon (UK/England),51.5583777,-1.7809759,Swindon
Reading (UK/England),51.45512009999999,-0.9787475,Berkshire
Eastville (Lincolnshire)(UK/England,53.091,0.0925599999999999,Lincolnshire
Durham (UK/England),54.77525,-1.584852,County Durham
Kelling (UK/England),52.939557,1.111287,Norfolk
Cambridge (UK/England),52.1950788,0.1312729,Cambridgeshire
Inverness (UK/Scotland),57.477773,-4.224721,Highland Council
Aylesbury (UK/England),51.815606,-0.8084,Buckinghamshire
Iochwinnoch (UK/Scotland),55.7958077,-4.6302458,Renfrewshire
Monchengladbach (UK/England),52.3555177,-1.1743197,Northamptonshire
Oxford (UK/England),51.7520209,-1.2577263,Oxfordshire
Durham (UK/England),54.77525,-1.584852,County Durham
Swansea (UK/England),51.62144,-3.943645999999999,Swansea
Coventry (UK/England),52.4128163,-1.5089521,West Midlands
Brighton (UK/England),50.8229402,-0.1362672,Brighton and Hove
Cardiff (UK/Wales),51.483707,-3.1680962,Cardiff
Mortimer (UK/England),51.3770932,-1.0629894,Berkshire
Sunningdale (UK/England),51.3924544,-0.6301363,Berkshire
Manchester (UK/England),53.4807593,-2.2426305,Manchester
"Morden, Surrey (UK/England)",51.394943,-0.19446,London
Burnley (UK/England),53.7892877,-2.2405035,Lancashire
London (UK/England),51.5072178,-0.1275862,London
London (UK/England),51.5072178,-0.1275862,London
Coggeshall (UK/England),51.870799,0.692681,Essex
Merthyr Tydfil (UK/Wales),51.74872999999999,-3.381646,Merthyr Tydfil County Borough
Hampshire (UK/England),51.05769480000001,-1.3080629,Hampshire
Stevenage (UK/England),51.903761,-0.196612,Hertfordshire
Durham (UK/England),54.77525,-1.584852,County Durham
Norton (UK/England),54.5887043,-1.3110078,Stockton-on-Tees
Woking (UK/England),51.316774,-0.5600349,Surrey
Littlehampton (UK/England),50.811057,-0.5386609,West Sussex
London (UK/England),51.5072178,-0.1275862,London
Coalville (UK/England),52.724569,-1.3677109,Leicestershire
Cheltenham (UK/England),51.8993855,-2.0782533,Gloucestershire
Skelmersdale (UK/England),53.549284,-2.774735,Lancashire
Manchester (UK/England),53.4807593,-2.2426305,Manchester
London (UK/England),51.5072178,-0.1275862,London
"Dover, Kent (UK/England)",51.1278758,1.3134027,Kent
"St Helens, Merseyside (UK/England)",53.456307,-2.737095,Merseyside
Aldershot (UK/England),51.248366,-0.7557509,Hampshire
Newcastle (UK/England),54.978252,-1.61778,Tyne and Wear
"Boston, Lincolnshire (UK/England)",52.97893999999999,-0.026577,Lincolnshire
Huddersfield (UK/England),53.645792,-1.785035,West Yorkshire
Basingstoke (Hampshire)(UK/England),51.26654,-1.0923964,Hampshire
Manchester (UK/England),53.4807593,-2.2426305,Manchester
Addingham (UK/England),53.94454899999999,-1.879299,West Yorkshire
London (UK/England),51.5072178,-0.1275862,London
Ellesmere Port (UK/England),53.279812,-2.897404,Cheshire West and Chester
Barnsley (UK/England),53.55263,-1.479726,South Yorkshire
Grays (UK/England),51.4784037,0.3230151,Thurrock
Nottingham (UK/England),52.9540223,-1.1549892,Nottingham
Hereford (UK/England),52.05639799999999,-2.715974,Herefordshire
Desside (UK/Wales),53.1997351,-3.0329723,Flintshire
Guernsey (UK/England??),52.3555177,-1.1743197,Northamptonshire
Lowestoft (UK/England),52.48113799999999,1.753449,Suffolk
Edgbaston (Birmingham)(UK/England),52.4608009,-1.914995,West Midlands
Redhill (UK/England),51.239208,-0.16988,Surrey
Nottingham (UK/England),52.9540223,-1.1549892,Nottingham
"Flint, Flintshire (UK/Wales)",53.248236,-3.13577,Flintshire
Oxford (UK/England),51.7520209,-1.2577263,Oxfordshire
Ellesmere Port (UK/England),53.279812,-2.897404,Cheshire West and Chester
Alexandria (W. Dunbartonshire)(UK/Scotland),55.98870609999999,-4.5789271,West Dunbartonshire Council
"Brixworth, Northampton (UK/England)",52.33072,-0.905283,Northamptonshire
Tenbury Wells (UK/England),52.307662,-2.596406,Worcestershire
Keighley (UK/England),53.867795,-1.912358,West Yorkshire
West Kilbride (UK/Scotland),55.695149,-4.857158,North Ayrshire Council
Swindon (UK/England),51.5583777,-1.7809759,Swindon
Cardiff (UK/Wales),51.483707,-3.1680962,Cardiff
"Middlesbrough, Coulby Newham (UK/England)",54.520803,-1.21972,Middlesbrough
Ystradgynlais (UK/Wales),51.779621,-3.753603,Powys
Glasgow (UK/Scotland),55.86167039999999,-4.2583345,Lanarkshire
Selby (UK/England),53.78352400000001,-1.067189,North Yorkshire
Glasgow (UK/Scotland),55.86167039999999,-4.2583345,Lanarkshire
London (UK/England),51.5072178,-0.1275862,London
Manchester (UK/England),53.4807593,-2.2426305,Manchester
Cannock (UK/England),52.69994080000001,-2.0218293,Staffordshire
Dagenham (UK/England),51.5402631,0.1482103,London
Llangollen (UK/Wales),52.969215,-3.17166,Denbighshire
Birmingham (UK/England),52.48624299999999,-1.890401,West Midlands
Sheffield (UK/England),53.38112899999999,-1.470085,South Yorkshire
Coventry (UK/England),52.4128163,-1.5089521,West Midlands
Birmingham (UK/England),52.48624299999999,-1.890401,West Midlands
Stansted (UK/England),51.8860181,0.2388661,Essex
Harrogate (UK/England),53.99212,-1.541812,North Yorkshire
Mortimer (UK/England),51.3770932,-1.0629894,Berkshire
Sutton in Ashfield (UK/England),53.1253529,-1.2602057,Nottinghamshire
Birmingham (UK/England),52.48624299999999,-1.890401,West Midlands
Hayes (UK/England),51.516758,-0.436786,London
Lincolnshire (UK/England),52.9451889,-0.1601246,Lincolnshire
Lincoln (UK/England),52.9451889,-0.1601246,Lincolnshire
Stevenage (UK/England),51.903761,-0.196612,Hertfordshire
Sunderland (UK/England),54.906869,-1.383801,Tyne and Wear
Trimley St. Mary (UK/England),51.9785619,1.321528,Suffolk
Glenrothes (UK/Scotland),56.20084199999999,-3.15986,[]
Butterwick (UK/England),52.986247,0.0669329999999999,Lincolnshire
Sheffield (UK/England),53.38112899999999,-1.470085,South Yorkshire
Birmingham (UK/England),52.48624299999999,-1.890401,West Midlands
The M1 (UK/England),52.615089,-1.2025751,Leicestershire
Edinburgh (UK/Scotland),55.953252,-3.188267,Edinburgh
Aylesbury (Buckinghamshire)(UK/England),51.815606,-0.8084,Buckinghamshire
Nantwich (UK/England),53.06718499999999,-2.524102,Cheshire East
Aberdeen (UK/Scotland),57.1498891,-2.0937528,Aberdeen City
East Preston (UK/England),50.811152,-0.48458,West Sussex
London (UK/England),51.5072178,-0.1275862,London
Colwynbay (UK/England),52.3555177,-1.1743197,Northamptonshire
Thame (UK/England),51.746997,-0.974188,Oxfordshire
London (UK/England),51.5072178,-0.1275862,London
Alton (Hampshire)(UK/England),51.150719,-0.973177,Hampshire
Walsall (UK/England),52.586214,-1.982919,West Midlands
Cheshire (UK/England,53.23263439999999,-2.6103157,[]
London (UK/England),51.5072178,-0.1275862,London
London (UK/England),51.5072178,-0.1275862,London
Plymouth (UK/England),50.3754565,-4.1426565,[]
Bristol (UK/England),51.454513,-2.58791,Bristol City
Bristol (UK/England),51.454513,-2.58791,Bristol City
Leicester (UK/England),52.6368778,-1.1397592,Leicester
London (UK/England),51.5072178,-0.1275862,London
Hayward's Heath (UK/England),50.999041,-0.106333,West Sussex
Kingswinford (UK/England),52.4981719,-2.169995,West Midlands
Darlington (UK/England),54.52361,-1.559458,Darlington
Castleford (UK/England),53.72346599999999,-1.345968,West Yorkshire
Newcastle upon Tyne (UK/England),54.978252,-1.61778,Tyne and Wear
Manchester (UK/England),53.4807593,-2.2426305,Manchester
Derbyshire (UK/England),53.1046782,-1.5623885,Derbyshire
Burry Port (UK/Wales),51.683466,-4.2561,Carmarthenshire
London (UK/England),51.5072178,-0.1275862,London
Nottingham (UK/England),52.9540223,-1.1549892,Nottingham
"Jersey, Channel Islands (UK/England)",52.3555177,-1.1743197,Northamptonshire
Somerset (Clevedon)(UK/England),51.4284337,-2.8280061,North Somerset
Merseyside (UK/England),53.3976041,-2.9436643,Merseyside
"Kirton/Boston (Lincolnshire, UK/England)",52.9266999,-0.0608009999999999,Lincolnshire
Luton (UK/England),51.8786707,-0.4200255,Luton
Isle of Bute (UK/Scotland),55.8274215,-5.09357,Argyll and Bute Council
Woodford Green (UK/England),51.6092549,0.0405521,London
Durham (UK/England),54.77525,-1.584852,County Durham
Cardigan (UK/Wales),52.083703,-4.660864,Ceredigion
Birmingham (UK/England),52.48624299999999,-1.890401,West Midlands
Clogher (UK/England),54.4143001,-7.1645201,Mid Ulster
Sheffield (UK/England),53.38112899999999,-1.470085,South Yorkshire
Warrington (UK/England),53.3900441,-2.5969501,Warrington
Newport (UK/England),51.071338,-4.0464209,Devon
London (UK/England),51.5072178,-0.1275862,London
Manchester (UK/England),53.4807593,-2.2426305,Manchester
Crosshills (UK/England),53.901785,-1.988246,North Yorkshire
Peterborough (UK/England),52.57031689999999,-0.2407996999999999,[]
Ackworth (UK/England),53.64961659999999,-1.3327497,West Yorkshire
Burgess Hill (UK/England),50.954469,-0.128701,West Sussex
Heacham (UK/England),52.9067246,0.4888306,Norfolk
Nr Alton (UK/England),51.150719,-0.973177,Hampshire
Manchester (UK/England),53.4807593,-2.2426305,Manchester
Bedford (UK/England),52.1386394,-0.4667782,Bedford
Bath (UK/England),51.3781018,-2.3596827,Bath and North East Somerset
Penicuik (UK/Scotland),55.830932,-3.224533,Midlothian
Glasgow (UK/Scotland),55.86167039999999,-4.2583345,Lanarkshire
Lincoln (UK/England),52.9451889,-0.1601246,Lincolnshire
Hook Hampshire (UK/England),51.280906,-0.963043,Hampshire
"Burslem, Staffordshire (UK/England)",52.8792745,-2.0571868,Staffordshire
Lytham St Annes (UK/England),53.756629,-3.0213193,Lancashire
Middlesbrough (UK/England),54.574227,-1.234956,Middlesbrough
Crawley (UK/England),51.1091401,-0.1872275,West Sussex
London (UK/England),51.5072178,-0.1275862,London
Oxford (UK/England),51.7520209,-1.2577263,Oxfordshire
London (UK/England),51.5072178,-0.1275862,London
Rothwell (UK/England),52.422681,-0.803219,Northamptonshire
Derbyshire (UK/England),53.1046782,-1.5623885,Derbyshire
Leicester (UK/England),52.6368778,-1.1397592,Leicester
Hertford (UK/England),51.795756,-0.0811569999999999,Hertfordshire
Camberley (UK/England),51.3353899,-0.742856,Surrey
Stoke on Trent (UK/England),53.0033369,-2.1827408,Stoke-on-Trent
Warminster (UK/England),51.204629,-2.181078,Wiltshire
Coventry (UK/England),52.4128163,-1.5089521,West Midlands
Colwyn Bay/Llandudno(A55 Llandudno jun.)(between) (UK/Wales),53.2800131,-3.8033679,Conwy Principal Area
Manchester (UK/England),53.4807593,-2.2426305,Manchester
Reading (UK/England),51.45512009999999,-0.9787475,Berkshire
Glasgow (UK/Scotland),55.86167039999999,-4.2583345,Lanarkshire
Llanasa (UK/Wales),53.3227822,-3.3436665,Flintshire
Hereford (UK/England),52.05639799999999,-2.715974,Herefordshire
Walsall (UK/England),52.586214,-1.982919,West Midlands
Doncaster (UK/England),53.52282,-1.128462,South Yorkshire
"Bolton, Manchester (UK/England)",53.4130393,-2.2160607,Manchester
Lakenheath (UK/England),52.413917,0.5218539999999999,Suffolk
London (UK/England),51.5072178,-0.1275862,London
Coventry (UK/England),52.4128163,-1.5089521,West Midlands
Newcastle-under-Lyme (UK/England),53.013208,-2.2273002,Staffordshire
Birmingham (UK/England),52.48624299999999,-1.890401,West Midlands
London (UK/England),51.5072178,-0.1275862,London
Carlisle Cumbria (UK/England),54.892473,-2.932931,Cumbria
Great Yarmouth (Norfolk)(UK/England),52.598233,1.728047,Norfolk
Melton Mowbray (UK/England),52.76692689999999,-0.8879085999999999,Leicestershire
Nottingham (UK/England),52.9540223,-1.1549892,Nottingham
Leighton Buzzard (UK/England),51.9196839,-0.6606569999999999,Central Bedfordshire
Fife (UK/Scotland),56.2082078,-3.1495175,[]
Hinckley (UK/England),52.5454549,-1.37667,Leicestershire
Lowestoft (UK/England),52.48113799999999,1.753449,Suffolk
Worthing (UK/England),50.81787,-0.372882,West Sussex
Orpington (UK/England),51.374843,0.0942139999999999,London
Glasgow (UK/Scotland),55.86167039999999,-4.2583345,Lanarkshire
Carmarthen (UK/Wales),51.85762,-4.312131,Carmarthenshire
Tenby (UK/Wales),51.672738,-4.703579,Pembrokeshire
Manchester (UK/England),53.4807593,-2.2426305,Manchester
Hull (UK/England),53.76762360000001,-0.3274198,[]
Pwllheli (UK/Wales),52.888816,-4.4176339,Gwynedd
Corby (UK/England),52.49229829999999,-0.6842332999999999,Northamptonshire
Newtown (UK/Wales),52.51211199999999,-3.313106,Powys
Barnstaple (UK/England),51.0781599,-4.058338,Devon
"Haydock, St. Helens (UK/England)",53.46761619999999,-2.6849601,Merseyside
Kilsyth (UK/England),55.979788,-4.056933,North Lanarkshire
Hemel Hempstead (UK/England),51.753241,-0.448632,Hertfordshire
Blandford Forum (UK/England),50.856908,-2.165353,Dorset
London (UK/England),51.5072178,-0.1275862,London
Dover (UK/England),51.1278758,1.3134027,Kent
Brighton (UK/England),50.8229402,-0.1362672,Brighton and Hove
Coventry (UK/England),52.4128163,-1.5089521,West Midlands
London (UK/England),51.5072178,-0.1275862,London
Guildford (UK/England),51.23622,-0.570409,Surrey
Grimsby (UK/England),53.567471,-0.080784,North East Lincolnshire
Thornton Heath (UK/England),51.396747,-0.105523,London
Leicester (UK/England),52.6368778,-1.1397592,Leicester
Uplyme (UK/England),50.73848100000001,-2.962253,Devon
"Kibworth, Leicestershire (UK/England)",52.544013,-0.9986794,Leicestershire
Spital (UK/England),53.33870349999999,-2.9907598,Merseyside
Portsmouth (UK/England),50.8197675,-1.0879769,Portsmouth
Sheffield (UK/England),53.38112899999999,-1.470085,South Yorkshire
Barnsley (UK/England),53.55263,-1.479726,South Yorkshire
Leeds (UK/England),53.8007554,-1.5490774,West Yorkshire
South Shields (UK/England),54.999424,-1.427406,Tyne and Wear
Essex (UK/England),51.57424469999999,0.4856781,Essex
Potters Bar (UK/England),51.696636,-0.175948,Hertfordshire
Stoke on Trent (UK/England),53.0033369,-2.1827408,Stoke-on-Trent
Hearthill (UK/Scotland),55.8601907,-3.7526334,North Lanarkshire
Grimsby (UK/England),53.567471,-0.080784,North East Lincolnshire
London (UK/England),51.5072178,-0.1275862,London
Forfar (UK/Scotland),56.643558,-2.889062,Angus Council
Dorset (UK/England),50.7487635,-2.3444786,Dorset
London (UK/England),51.5072178,-0.1275862,London
Swansea (UK/Wales),51.62144,-3.943645999999999,Swansea
KirkCaldy (UK/Scotland),56.1168249,-3.158137,Fife
Sheffield (UK/England),53.38112899999999,-1.470085,South Yorkshire
Dudley (UK/England),52.512255,-2.081112,West Midlands
Durham (UK/England),54.77525,-1.584852,County Durham
Chesterfield (UK/England),53.235048,-1.421629,Derbyshire
Uddingston (UK/Scotland),55.815735,-4.079127,South Lanarkshire
Bury St Edmunds (UK/England),52.24690409999999,0.7112514,Suffolk
Crosshill (Ayrshire)(UK/Scotland),55.324959,-4.6379109,South Ayrshire Council
Tonbridge (UK/England),51.195043,0.27568,Kent
Falmouth (UK/England),50.15257099999999,-5.066269999999999,Cornwall
Wigan (UK/England),53.5450645,-2.6325074,Manchester
Fairford (UK/England),51.70753699999999,-1.785135,Gloucestershire
Bournemouth (UK/England),50.7220101,-1.8667169,Dorset
Manchester (UK/England,53.4807593,-2.2426305,Manchester
Woodhall Spa (UK/England),53.151585,-0.218147,Lincolnshire
Spilsby (UK/England),53.174675,0.0914398999999999,Lincolnshire
Bourmouth (UK/England),50.7220101,-1.8667169,Dorset
Durham (UK/England),54.77525,-1.584852,County Durham
Glasgow (UK/Scotland),55.86167039999999,-4.2583345,Lanarkshire
Coatbridge (UK/Scotland),55.862241,-4.019337,North Lanarkshire
Kent (UK/England),51.2787075,0.5217254000000001,Kent
Ludlow (UK/England),52.367749,-2.7139129,Shropshire
Rotherham (UK/England),53.4326035,-1.3635009,South Yorkshire
Croydon (UK/England),51.3769529,-0.0956895,London
Birmingham (UK/England),52.48624299999999,-1.890401,West Midlands
Shrewsbury (UK/England),52.70730289999999,-2.7553268,Shropshire
Annalong (UK/England),54.10771,-5.90109,"Newry, Mourne and Down"
"Morden, Surrey (UK/England)",51.394943,-0.19446,London
Bromsgrove (UK/England),52.335589,-2.061906,Worcestershire
"Cheshire, Lymm (UK/England)",53.381724,-2.480044,Warrington
Whitburn (UK/England),54.95519299999999,-1.3689214,Tyne and Wear
Lichfield (UK/England),52.681602,-1.831672,Staffordshire
Aberdeen (UK/Scotland),57.1498891,-2.0937528,Aberdeen City
Boston (UK/England),52.97893999999999,-0.026577,Lincolnshire
Dunstable (UK/England),51.885644,-0.52039,Central Bedfordshire
Reading (UK/England),51.45512009999999,-0.9787475,Berkshire
"Lulworth, Dorset (UK/England)",50.6259853,-2.2482557,Dorset
"Cwmbran, Wales (UK/Wales)",51.6496546,-3.0317889,Torfaen Principal Area
Liverpool (UK/England),53.4083714,-2.9915726,Merseyside
London (UK/England),51.5072178,-0.1275862,London
"Kidderminster, Warwickshire (UK/England)",52.388596,-2.2496839,Worcestershire
Ellesmere (UK/England),52.90901179999999,-2.8939756,Shropshire
Baldock (UK/England),51.9895039,-0.189128,Hertfordshire
Wythenshawe (UK/England),53.401455,-2.2712861,Manchester
Polegate (UK/England),50.824012,0.243813,East Sussex
Reading (UK/England),51.45512009999999,-0.9787475,Berkshire
"Yatton, Somerset (UK/England)",51.388168,-2.822503,North Somerset
London (UK/England),51.5072178,-0.1275862,London
Seaton (UK/England),50.70531339999999,-3.0718734,Devon
Liverpool (UK/England),53.4083714,-2.9915726,Merseyside
Christchurch (UK/England),50.735777,-1.778586,Dorset
Hampshire (UK/England),51.05769480000001,-1.3080629,Hampshire
Edinburgh (UK/Scotland),55.953252,-3.188267,Edinburgh
Shropshire (UK/England),52.7063657,-2.7417849,Shropshire
Alford (Aberdeenshire)(UK/Scotland),57.233323,-2.704753,Aberdeenshire
Worcestershire (UK/England),52.193636,-2.221575,Worcestershire
Middlesbrough (UK/England),54.574227,-1.234956,Middlesbrough
Kent (UK/England),51.2787075,0.5217254000000001,Kent
"Faversham, Kent (UK/England)",51.315994,0.889358,Kent
Haywards Heath (UK/England),50.999041,-0.106333,West Sussex
Staines upon Thames (UK/England),51.43148,-0.515525,Surrey
Mansfield (UK/England),53.147195,-1.198674,Nottinghamshire
Lowestoft (UK/England),52.48113799999999,1.753449,Suffolk
Coventry (UK/England),52.4128163,-1.5089521,West Midlands
Whitehaven (UK/England),54.549699,-3.589233,Cumbria
Stockton on Tees (UK/England),54.5704551,-1.3289821,Stockton-on-Tees
Torquay (UK/England),50.4619209,-3.525315,Torbay
Middlesbrough (UK/England),54.574227,-1.234956,Middlesbrough
Sheffield (UK/England),53.38112899999999,-1.470085,South Yorkshire
Marlow (UK/England),51.5719443,-0.7769421999999999,Buckinghamshire
Dymchurch (UK/England),51.0290864,0.9987909,Kent
Sunderland (UK/England),54.906869,-1.383801,Tyne and Wear
Gosport (UK/England),50.794995,-1.117547,Hampshire
North Wales (UK/Wales),53.0711149,-3.8080783,[]
Barrow-in-Furness (UK/England),54.108967,-3.218894,Cumbria
Scottish Borders (UK/Scotland),55.54856969999999,-2.7861388,Scottish Borders
Newtongrange (Midlothian)(UK/Scotland),55.865652,-3.066151,Midlothian
Bradford (UK/England),53.7937996,-1.7563583,West Yorkshire
London (UK/England),51.5072178,-0.1275862,London
Durham County (UK/England),54.7294099,-1.8811598,County Durham
Uckfield (UK/England),50.966414,0.095913,East Sussex
Camborne (UK/England),50.21277,-5.2947749,Cornwall
Redberth (UK/England),51.70322299999999,-4.7754541,Pembrokeshire
Newcastle upon Tyne (UK/England),54.978252,-1.61778,Tyne and Wear
London (UK/England),51.5072178,-0.1275862,London
Accrington (UK/England),53.753609,-2.37218,Lancashire
Seaford (UK/England),50.7734669,0.101108,East Sussex
"Ely, Cambridge (UK/England)",52.278696,0.1724478,Cambridgeshire
"Toton, Nottingham (UK/England)",52.9064238,-1.253231,Nottinghamshire
Newark (UK/England),53.0744766,-0.809773,Nottinghamshire
Gateshead (UK/England),54.95268,-1.603411,Tyne and Wear
Kearsley/Bolton (UK/England),53.561745,-2.4105542,Manchester
London (UK/England),51.5072178,-0.1275862,London
Kings Lynn (UK/England),52.7516798,0.4022963000000001,Norfolk
Worcester (UK/England),52.193636,-2.221575,Worcestershire
Leicestershire (UK/England),52.772571,-1.2052126,Leicestershire
Kingston upon Hull (UK/England),53.76762360000001,-0.3274198,[]
Portsmouth (UK/England),50.8197675,-1.0879769,Portsmouth
Peterborough (UK/England),52.57031689999999,-0.2407996999999999,[]
Gwent (UK/Wales),52.1306607,-3.7837117,[]
London (UK/England),51.5072178,-0.1275862,London
Gloucestershire (UK/England),51.8642449,-2.238156,Gloucestershire
Bristol (UK/England),51.454513,-2.58791,Bristol City
Leeds (UK/England),53.8007554,-1.5490774,West Yorkshire
Pendle (UK/England),53.86945619999999,-2.1639879,Lancashire
Bristol (UK/England),51.454513,-2.58791,Bristol City
Leeds (UK/England),53.8007554,-1.5490774,West Yorkshire
Liverpool (UK/England),53.4083714,-2.9915726,Merseyside
Cardiff (UK/Wales),51.483707,-3.1680962,Cardiff
Mortimer (UK/England),51.3770932,-1.0629894,Berkshire
Bristol (UK/England),51.454513,-2.58791,Bristol City
Camborne Cornwall (UK/England),50.21277,-5.2947749,Cornwall
Birmingham (UK/England),52.48624299999999,-1.890401,West Midlands
London (UK/England),51.5072178,-0.1275862,London
Dumfriessire (UK/Scotland),55.070859,-3.60512,Dumfries and Galloway
Kent (UK/England),51.2787075,0.5217254000000001,Kent
Washington (UK/England),54.89743199999999,-1.517366,Tyne and Wear
Derby (UK/England),52.9225301,-1.4746186,Derby
Barrow-in-Furness (UK/England),54.108967,-3.218894,Cumbria
Chadwell St Mary (UK/England),51.481971,0.369876,Thurrock
London (UK/England),51.5072178,-0.1275862,London
Lincolnshire (UK/England),52.9451889,-0.1601246,Lincolnshire
Sidmouth (UK/England),50.67865,-3.23756,Devon
Stirling (UK/Scotland),56.1165227,-3.9369029,Stirling
Oldham (UK/England),53.5409298,-2.1113659,Manchester
Bury St. Edmunds (UK/England),52.24690409999999,0.7112514,Suffolk
Southampton (UK/England),50.9105468,-1.4049018,Southampton
"Hayle, Cornwall (UK/England)",50.185467,-5.42091,Cornwall
Hereford (UK/England),52.05639799999999,-2.715974,Herefordshire
Falkirk (UK/Scotland),56.00187750000001,-3.7839131,Falkirk
London (UK/England),51.5072178,-0.1275862,London
Manchester (UK/England),53.4807593,-2.2426305,Manchester
"Morden, Surrey (UK/England)",51.394943,-0.19446,London
Sunderland (UK/England),54.906869,-1.383801,Tyne and Wear
Wirral (UK/England),53.3727181,-3.073754,Merseyside
Barnsley (UK/England),53.55263,-1.479726,South Yorkshire
Bognor Regis (UK/England),50.782998,-0.673061,West Sussex
St. Albans (UK/England),51.752725,-0.339436,Hertfordshire
Carmarthenshire (UK/Wales),51.8572309,-4.311595899999999,Carmarthenshire
London (UK/England),51.5072178,-0.1275862,London
Peterborough (UK/England),52.57031689999999,-0.2407996999999999,[]
Leven (UK/Scotland),56.19632,-2.996578,Fife
Hastings (UK/England),50.854259,0.573453,East Sussex
"Wiltshire, Alton Barnes (UK/England)",51.356863,-1.849501,Wiltshire
Kent (UK/England),51.2787075,0.5217254000000001,Kent
London (UK/England),51.5072178,-0.1275862,London
London (UK/England),51.5072178,-0.1275862,London
Leamington Spa (UK/England),52.2851905,-1.5200789,Warwickshire
Seaton (UK/England),50.70531339999999,-3.0718734,Devon
Westhill (UK/Scotland),57.15562300000001,-2.277129,Aberdeenshire
Worcester (UK/England),52.193636,-2.221575,Worcestershire
Birmingham (UK/England)k,52.48624299999999,-1.890401,West Midlands
Manchester (UK/England),53.4807593,-2.2426305,Manchester
"Hatfield, Hertfordshire (UK/England)",51.763366,-0.22309,Hertfordshire
Swindon (UK/England),51.5583777,-1.7809759,Swindon
Swindon (UK/England),51.5583777,-1.7809759,Swindon
"Sidcup, Kent (UK/England)",51.425656,0.1112083,London
Birmingham (UK/England),52.48624299999999,-1.890401,West Midlands
Stoke-on-Trent (UK/England),53.0033369,-2.1827408,Stoke-on-Trent
Colwyn Bay (UK/England),52.3555177,-1.1743197,Northamptonshire
Swansea (UK/England),51.62144,-3.943645999999999,Swansea
York (UK/England),53.9614205,-1.0739108,York
London (UK/England),51.5072178,-0.1275862,London
Caradon (UK/England),50.5,-4.4333333,Cornwall
Preston (UK/England),53.763201,-2.70309,Lancashire
Nottingham (UK/England),52.9540223,-1.1549892,Nottingham
Buckie (UK/Scotland),57.67739199999999,-2.967311,Moray
Stoke-on-Trent (UK/England),53.0033369,-2.1827408,Stoke-on-Trent
Ampthill (UK/England),52.0272503,-0.4951417,Central Bedfordshire
"Accrington, Lancashire (UK/England)",53.753609,-2.37218,Lancashire
"Bowland, Lancashire (UK/England)",54.0054069,-2.5040348,Lancashire
Doncaster (UK/England),53.52282,-1.128462,South Yorkshire
Mansfield (UK/England),53.147195,-1.198674,Nottinghamshire
London (Buckinghamshire)(UK/England),51.8072204,-0.8127664,Buckinghamshire
Cumnock (UK/Scotland),55.45355199999999,-4.265829,East Ayrshire Council
Bangor (UK/England),53.22739,-4.129263,[]
Gourock (UK/Scotland),55.9591984,-4.8168799,Inverclyde
Dornoch (UK/Scotland),57.87907,-4.028026,Highland Council
Christchurch (UK/England),50.735777,-1.778586,Dorset
"Lincoln, Lincolnshire (UK/England)",53.2294565,-0.5426827,Lincolnshire
"Loch Ness, Inverness (UK/Scotland)",57.3228575,-4.4243817,Highland Council
Brighton (UK/England),50.8229402,-0.1362672,Brighton and Hove
Harrogate (UK/England),53.99212,-1.541812,North Yorkshire
Glasgow (UK/Scotland),55.86167039999999,-4.2583345,Lanarkshire
Leadgate (UK/England),54.8583436,-1.8063257,County Durham
Swindon (UK/England),51.5583777,-1.7809759,Swindon
Bradford (UK/England),53.7937996,-1.7563583,West Yorkshire
London (UK/England),51.5072178,-0.1275862,London
London (UK/England),51.5072178,-0.1275862,London
West Midlands (UK/England),52.4750743,-1.829833,West Midlands
Torquay (UK/England),50.4619209,-3.525315,Torbay
Northampton (UK/England),52.23706499999999,-0.8944420999999999,Northamptonshire
Oxford (UK/England),51.7520209,-1.2577263,Oxfordshire
Canvey Island (UK/England),51.517083,0.578411,Essex
Cheltenham (UK/England),51.8993855,-2.0782533,Gloucestershire
Cannock (UK/England),52.69994080000001,-2.0218293,Staffordshire
Brighton (UK/England),50.8229402,-0.1362672,Brighton and Hove
Ipswich (UK/England),52.056736,1.14822,Suffolk
Manchester (Glossup) UK/England,53.4433284,-1.948907,Derbyshire
Sheffield ((UK/England),53.38112899999999,-1.470085,South Yorkshire
Glasgow (UK/Scotland),55.86167039999999,-4.2583345,Lanarkshire
Alnwick (UK/England),55.412744,-1.706299,Northumberland
Horley (UK/England),51.173516,-0.172109,Surrey
Bishopstoke (UK/England),50.970764,-1.335819,Hampshire
Illogan (UK/England; southwest region),50.248244,-5.266490999999999,Cornwall
Ipswich (UK/England),52.056736,1.14822,Suffolk
Birmingham (UK/England),52.48624299999999,-1.890401,West Midlands
Stockport (UK/England),53.41063159999999,-2.1575332,Manchester
London (UK/England),51.5072178,-0.1275862,London
County Durham (UK/England),54.7294099,-1.8811598,County Durham
Stirlingshire (UK/Scotland),56.1165227,-3.9369029,Stirling
"Wadebridge, Cornwall (UK/England)",50.516654,-4.836456,Cornwall
